Grogu (Baby Yoda),Relaunch the Star Wars saga with the cutest face in the galaxy,150.00,C:\Windows\Temp\The Wonderful Items Shoppe\ProjektarbeteButikImages\The_Child_aka_Baby_Yoda_(Star_Wars).jpg
"My Journey North","The Autobiography of HODOR",25.00,C:\Windows\Temp\The Wonderful Items Shoppe\ProjektarbeteButikImages\71WP5ZK+4GL.jpg
Gimli's Axe,The axe wielded by Gimli as he joined "The Fellowship Of The Ring",75.00,C:\Windows\Temp\The Wonderful Items Shoppe\ProjektarbeteButikImages\45K1787-mini-axe-throwing-game-u-0225.jpg
Storm Trooper Target,Used in practice by the storm troopers onboard the Death Star,10.00,C:\Windows\Temp\The Wonderful Items Shoppe\ProjektarbeteButikImages\03346wnboCdK.jfif
Legolas' Weapons,Legolas' bow/arrows and his knife ,50.00,C:\Windows\Temp\The Wonderful Items Shoppe\ProjektarbeteButikImages\4116bfupTlL._AC_SX425_.jpg
Indiana Jones' Hat,The hat worn by Indianas Jones. Worn in the picture by actor Sam Neill,35.00,C:\Windows\Temp\The Wonderful Items Shoppe\ProjektarbeteButikImages\c4ecc83cbae3d5c114d5431bb16ee19ef096c5b1.jpg
The Sorting Hat,Which house will you end up in?,40.00,C:\Windows\Temp\The Wonderful Items Shoppe\ProjektarbeteButikImages\ca4e76a546d18d206a9642ab41d28602.jpg
Leatherface's chainsaw,Thin out your woods with this stylish chainsaw,75.00,C:\Windows\Temp\The Wonderful Items Shoppe\ProjektarbeteButikImages\Husqvarna-390-XPG.jpg
Brad Pitt's Autograph,Authentic autograph from Brad Pitt himself,35.00,C:\Windows\Temp\The Wonderful Items Shoppe\ProjektarbeteButikImages\IMG_20210303_130503.jpg
Empire Capital Ship,Chase down rebel scum!,12500000.00,C:\Windows\Temp\The Wonderful Items Shoppe\ProjektarbeteButikImages\ISD_arrow.jpg
The One Ring,Rule Middle Earth with an iron fist!,350.00,C:\Windows\Temp\The Wonderful Items Shoppe\ProjektarbeteButikImages\One_Ring_Blender_Render.png
Lamb,Extra from the movie "Silence of the Lambs",55.00,C:\Windows\Temp\The Wonderful Items Shoppe\ProjektarbeteButikImages\photo-1484557985045-edf25e08da73.jfif
Sauron's Underwear,Quality underwear made from the finest metal in Mordor,225.00,C:\Windows\Temp\The Wonderful Items Shoppe\ProjektarbeteButikImages\s-l1600.jpg
